{
    "best_epoch": 1,
    "best_val_macro_f1": 0.0625,
    "best_val_top1_acc": 0.1111111111111111,
    "best_val_top2_acc": 0.1111111119389534,
    "best_val_balanced_acc": 0.2,
    "run_name": "exp_001_efficientnet_b3_fold3",
    "timestamp": "2026-06-10 13:31:18"
}