{
    "best_epoch": 2,
    "best_val_macro_f1": 0.07142857142857142,
    "best_val_top1_acc": 0.125,
    "best_val_top2_acc": 0.5,
    "best_val_balanced_acc": 0.08333333333333333,
    "run_name": "exp_001_swin_t_fold2",
    "timestamp": "2026-06-10 13:30:51"
}