{
    "best_epoch": 0,
    "best_val_macro_f1": 0.041666666666666664,
    "best_val_top1_acc": 0.1111111111111111,
    "best_val_top2_acc": 0.1111111119389534,
    "best_val_balanced_acc": 0.1,
    "run_name": "exp_001_resnet50_fold0",
    "timestamp": "2026-06-10 14:22:47"
}