{
    "best_epoch": 2,
    "best_val_macro_f1": 0.05714285714285715,
    "best_val_top1_acc": 0.1111111111111111,
    "best_val_top2_acc": 0.3333333432674408,
    "best_val_balanced_acc": 0.06666666666666667,
    "run_name": "exp_001_resnet50_fold3",
    "timestamp": "2026-06-10 14:23:46"
}