{
    "best_epoch": 2,
    "best_val_macro_f1": 0.15238095238095237,
    "best_val_top1_acc": 0.2222222222222222,
    "best_val_top2_acc": 0.2222222238779068,
    "best_val_balanced_acc": 0.3,
    "run_name": "exp_001_mobilenet_v3_large_fold3",
    "timestamp": "2026-06-10 13:31:30"
}