class_label,sc,cc,wcis,exbale,flag_rate
0,0.2631200374409028,0.4630553270848445,0.4080140008254922,0.2645620026297939,0.35049019607843135
1,0.19929872423914802,0.5947666302634369,0.35779185120332435,0.2565839759196135,0.2673611111111111
2,0.17933533926017237,0.3593587586988525,0.33227181711382214,0.20020889403660558,0.4935323383084577
3,0.20047322178713955,0.520806380309008,0.3587256312567853,0.24346295466637236,0.31666666666666665
4,0.22678891038507076,0.41786566877702125,0.3764210986816276,0.23333113532526678,0.41875
5,0.2667183596612106,0.246959080356557,0.40614522914813733,0.21188603860495395,0.5115942028985507
6,0.20272902067420442,0.5723662309167369,0.3460302394439458,0.25464569658706865,0.29583333333333334
7,0.138013567564955,0.2184603069920911,0.2819158435185331,0.14299434026612273,0.6848484848484848
