xai_method,correct_mean,incorrect_mean,delta,wilcoxon_p,bonferroni_p,significant
gradcam,0.32832760532982597,0.2449033795614761,0.08342422576834987,0.005566311273519249,0.03339786764111549,True
gradcam_pp,0.43662647672993793,0.37037752473226654,0.06624895199767139,0.028637634310374093,0.17182580586224455,False
scorecam,0.5045057239230816,0.42926541537579477,0.0752403085472868,0.008301872375844436,0.049811234255066617,True
eigencam,0.35253163903525647,0.33710089100010693,0.015430748035149544,0.6388409019909356,1.0,False
saliency,0.07161494609843276,0.07228162926576107,-0.0006666831673283052,0.9055902757355856,1.0,False
integrated_gradients,0.06479291137068653,0.07387298866578895,-0.00908007729510242,0.1561864417651607,0.9371186505909641,False
