class_label,sc,cc,wcis,exbale,flag_rate
0,0.09564517361229939,0.4039672104473896,0.22580418838050828,0.13683869425751422,0.5196078431372549
1,0.09783442230109869,0.5151921842665433,0.2514123369174841,0.16702729296864816,0.4305555555555556
2,0.08634148737656017,0.36393570855613816,0.22550086123130167,0.13397050331927945,0.5845771144278606
3,0.11368346915907959,0.4463863725703343,0.26733652154551674,0.16753929480531615,0.4696969696969697
4,0.13915625921949012,0.37952101901866053,0.27443211318313837,0.167745068424134,0.5
5,0.1147077977250737,0.20930589306151234,0.2701491623529759,0.12220849278844569,0.6818840579710145
6,0.05887126734207212,0.40264511649019824,0.19648438851825267,0.10141133049921103,0.5666666666666667
7,0.0969536729711032,0.25890316752759673,0.25008976984077663,0.11856660294933602,0.6484848484848484
