xai_method,correct_mean,incorrect_mean,delta,wilcoxon_p,bonferroni_p,significant
gradcam,0.4579356923353719,0.2871177024424484,0.17081798989292352,1.7907445256314877e-10,1.0744467153788927e-09,True
gradcam_pp,0.3648150121689887,0.2829508465645418,0.08186416560444693,0.002549615279012085,0.01529769167407251,True
scorecam,0.13280857311219108,0.09651957603317167,0.036288997079019406,0.06802430418717034,0.40814582512302205,False
eigencam,0.17194144718324825,0.20613624957783824,-0.034194802394589996,0.4137995613129677,1.0,False
saliency,0.06481649732486788,0.05888118343730775,0.005935313887560134,0.2676863582212279,1.0,False
integrated_gradients,0.056457357744312896,0.05465780102315429,0.0017995567211586058,0.5549303665826926,1.0,False
