{
    "top1_acc": 0.7857142857142857,
    "macro_f1": 0.7436361679438642,
    "weighted_f1": 0.7850981755207469,
    "balanced_acc": 0.7558581934115749,
    "per_class_precision": [
        0.835820895522388,
        0.7142857142857143,
        0.9454545454545454,
        0.7894736842105263,
        0.5,
        0.7547169811320755,
        0.6666666666666666,
        0.7333333333333333
    ],
    "per_class_recall": [
        0.8235294117647058,
        0.8333333333333334,
        0.7761194029850746,
        0.6818181818181818,
        0.4375,
        0.8695652173913043,
        0.625,
        1.0
    ],
    "per_class_f1": [
        0.8296296296296296,
        0.7692307692307693,
        0.8524590163934426,
        0.7317073170731707,
        0.4666666666666667,
        0.8080808080808081,
        0.6451612903225806,
        0.8461538461538461
    ],
    "per_class_auc_roc": [
        0.9595913586673608,
        0.9600271002710027,
        0.9723190216319285,
        0.9283088235294117,
        0.9237859712230215,
        0.9551192145862554,
        0.8585881294964028,
        0.993254095727594
    ],
    "macro_auc_roc": 0.9438742143916221,
    "confusion_matrix": [
        [
            56,
            3,
            1,
            2,
            1,
            2,
            1,
            2
        ],
        [
            0,
            40,
            0,
            1,
            2,
            1,
            3,
            1
        ],
        [
            3,
            4,
            52,
            1,
            1,
            5,
            0,
            1
        ],
        [
            0,
            4,
            0,
            15,
            2,
            1,
            0,
            0
        ],
        [
            1,
            3,
            1,
            0,
            7,
            3,
            1,
            0
        ],
        [
            4,
            1,
            0,
            0,
            1,
            40,
            0,
            0
        ],
        [
            3,
            1,
            1,
            0,
            0,
            1,
            10,
            0
        ],
        [
            0,
            0,
            0,
            0,
            0,
            0,
            0,
            11
        ]
    ]
}