{
    "random_mean": 0.32218202010160835,
    "random_std": 0.07903415147798873,
    "perfect_mean": 0.9999999966666668,
    "perfect_std": 1.1102230246251565e-16
}