xai_method,correct_mean,incorrect_mean,delta,wilcoxon_p,bonferroni_p,significant
gradcam,0.426225476562822,0.3263700811378784,0.0998553954249436,0.0010852029230110128,0.0065112175380660775,True
gradcam_pp,0.27363513604289347,0.21512934162235903,0.05850579442053444,0.014443866441461378,0.08666319864876826,False
scorecam,0.12327009038369217,0.0924617018617754,0.03080838852191678,0.021256444048079217,0.1275386642884753,False
eigencam,0.1756973690004112,0.1343666158466885,0.0413307531537227,0.16878229606437467,1.0,False
saliency,0.07239164436223124,0.06793487853907786,0.00445676582315338,0.4154929833934501,1.0,False
integrated_gradients,0.07051195666418993,0.07474884301468424,-0.004236886350494309,0.4452023311097958,1.0,False
