class_label,sc,cc,wcis,exbale,flag_rate
0,0.08247777028626058,0.43263999770057954,0.23552770020490008,0.13173212907789472,0.5073529411764706
1,0.08467360712198227,0.5202650310410577,0.2511269815893481,0.14789890151803023,0.4166666666666667
2,0.0822131895275638,0.31753480562057546,0.22580884345287316,0.11684924168158058,0.6208955223880597
3,0.11942817855938781,0.5115227532950424,0.2883184401390749,0.17707259339910228,0.3878787878787879
4,0.10344315587406318,0.4060154597121587,0.26008411430226863,0.14076822266087746,0.5291666666666667
5,0.07775016454579503,0.19891921095376586,0.22761197975890257,0.09268296268349259,0.7210144927536232
6,0.10143060235078606,0.5104853244791293,0.2574002475788196,0.16201399883421302,0.4166666666666667
7,0.07911042208779938,0.2348886380300697,0.20975613689728503,0.08946922899857127,0.6848484848484848
