xai_method,correct_mean,incorrect_mean,delta,wilcoxon_p,bonferroni_p,significant
gradcam,0.38590894263981085,0.3348293423686702,0.05107960027114067,0.02414822184466968,0.14488933106801807,False
gradcam_pp,0.3319490662906629,0.29318708236658897,0.03876198392407393,0.10228278137458129,0.6136966882474877,False
scorecam,0.16106619836506908,0.15404025708937055,0.007025941275698527,0.8943641084089522,1.0,False
eigencam,0.23338786479471577,0.2252692207391274,0.008118644055588375,0.9437449140748079,1.0,False
saliency,0.06143089210203283,0.06368417947495937,-0.0022532873729265435,0.8054555547096951,1.0,False
integrated_gradients,0.06224570548023836,0.06885403607850658,-0.006608330598268222,0.2927292279754551,1.0,False
