class_label,sc,cc,wcis,exbale,flag_rate
0,0.13553748410279737,0.452029032155052,0.29861855156573874,0.174667064701583,0.4137254901960784
1,0.08402767989397794,0.54408044986691,0.23279599748838736,0.1494286817177803,0.3854166666666667
2,0.10178311577425339,0.37278527453159715,0.2574681342884652,0.146213595333972,0.5398009950248757
3,0.09172631419782509,0.472956415089711,0.24203851436631693,0.14619401461498677,0.4712121212121212
4,0.09644261634166203,0.47592027490626754,0.2456295066173576,0.13801327149863685,0.41041666666666665
5,0.0805434112258725,0.16894280665651815,0.20886626070814202,0.07898484937022879,0.755072463768116
6,0.11656335073933423,0.5898820413473113,0.2666559382875372,0.18411091743622124,0.3229166666666667
7,0.1319888825178647,0.3513808035474281,0.3065517039715566,0.1698948889530108,0.5424242424242425
