class_label,sc,cc,wcis,exbale,flag_rate
0,0.18241515788082022,0.6396492650731793,0.33914446242538693,0.2615902106218995,0.27990196078431373
1,0.11717485597597492,0.6809565868875029,0.2683138579375755,0.20477124904959845,0.28125
2,0.14418472764799709,0.6137180563553845,0.28919482618995734,0.22911145323774726,0.30696517412935326
3,0.13939368940177474,0.748281529480376,0.29990038964332955,0.2400384512855156,0.1803030303030303
4,0.19186360201541397,0.6108045970546316,0.3576593059309137,0.2537930960333974,0.2708333333333333
5,0.2370705248945689,0.5758360243748114,0.3993908444596617,0.276802370138856,0.2514492753623188
6,0.1711539632842466,0.7635532259435883,0.34170684332881746,0.2757565819117694,0.16875
7,0.22093190852218064,0.631099217121866,0.3637880165496784,0.28555558824324245,0.24848484848484848
