xai_method,correct_mean,incorrect_mean,delta,wilcoxon_p,bonferroni_p,significant
gradcam,0.32869426030951343,0.309236640852468,0.01945761945704544,0.5641172038388085,1.0,False
gradcam_pp,0.46723534325640625,0.4236859725470405,0.043549370709365764,0.1817862778120447,1.0,False
scorecam,0.44903361548361415,0.36402838132612203,0.08500523415749212,0.015781536229612717,0.0946892173776763,False
eigencam,0.5792918467430901,0.5801917839597149,-0.0008999372166248465,0.8251325716737661,1.0,False
saliency,0.0882797966563059,0.08060431941343588,0.00767547724287003,0.24256270669175684,1.0,False
integrated_gradients,0.06376387028088315,0.06975092662369592,-0.005987056342812769,0.4507921222503074,1.0,False
