{
    "top1_acc": 0.7006802721088435,
    "macro_f1": 0.6417513879479548,
    "weighted_f1": 0.7083363623222567,
    "balanced_acc": 0.6588465484713146,
    "per_class_precision": [
        0.7647058823529411,
        0.7391304347826086,
        0.9019607843137255,
        0.5714285714285714,
        0.34615384615384615,
        0.74,
        0.45,
        0.5833333333333334
    ],
    "per_class_recall": [
        0.7647058823529411,
        0.7083333333333334,
        0.6865671641791045,
        0.5454545454545454,
        0.5625,
        0.8043478260869565,
        0.5625,
        0.6363636363636364
    ],
    "per_class_f1": [
        0.7647058823529411,
        0.723404255319149,
        0.7796610169491526,
        0.5581395348837209,
        0.42857142857142855,
        0.7708333333333334,
        0.5,
        0.6086956521739131
    ],
    "per_class_auc_roc": [
        0.9425429463820927,
        0.9446138211382114,
        0.9528568610691038,
        0.8544451871657754,
        0.8815197841726619,
        0.9369740532959326,
        0.8536420863309352,
        0.9752650176678446
    ],
    "macro_auc_roc": 0.9177324696528197,
    "confusion_matrix": [
        [
            52,
            2,
            3,
            3,
            2,
            3,
            1,
            2
        ],
        [
            3,
            34,
            1,
            1,
            4,
            1,
            3,
            1
        ],
        [
            5,
            2,
            46,
            2,
            3,
            5,
            3,
            1
        ],
        [
            0,
            3,
            0,
            12,
            4,
            1,
            2,
            0
        ],
        [
            1,
            3,
            0,
            1,
            9,
            1,
            0,
            1
        ],
        [
            4,
            1,
            0,
            2,
            2,
            37,
            0,
            0
        ],
        [
            3,
            1,
            1,
            0,
            1,
            1,
            9,
            0
        ],
        [
            0,
            0,
            0,
            0,
            1,
            1,
            2,
            7
        ]
    ],
    "top2_acc": 0.8435373902320862
}