{
    "top1_acc": 0.7653061224489796,
    "macro_f1": 0.7140444682671789,
    "weighted_f1": 0.7650507805311009,
    "balanced_acc": 0.719847571388003,
    "per_class_precision": [
        0.8428571428571429,
        0.7169811320754716,
        0.9215686274509803,
        0.9444444444444444,
        0.46153846153846156,
        0.6779661016949152,
        0.5625,
        0.6428571428571429
    ],
    "per_class_recall": [
        0.8676470588235294,
        0.7916666666666666,
        0.7014925373134329,
        0.7727272727272727,
        0.375,
        0.8695652173913043,
        0.5625,
        0.8181818181818182
    ],
    "per_class_f1": [
        0.855072463768116,
        0.7524752475247525,
        0.7966101694915254,
        0.85,
        0.41379310344827586,
        0.7619047619047619,
        0.5625,
        0.72
    ],
    "per_class_auc_roc": [
        0.9571837584591358,
        0.9524051490514905,
        0.9703465053586693,
        0.9284759358288771,
        0.9127697841726619,
        0.9623071528751753,
        0.8864658273381295,
        0.977192418888532
    ],
    "macro_auc_roc": 0.943393316496584,
    "confusion_matrix": [
        [
            59,
            4,
            1,
            0,
            0,
            2,
            0,
            2
        ],
        [
            1,
            38,
            0,
            0,
            3,
            2,
            3,
            1
        ],
        [
            3,
            5,
            47,
            0,
            3,
            8,
            1,
            0
        ],
        [
            0,
            3,
            0,
            17,
            0,
            1,
            1,
            0
        ],
        [
            1,
            1,
            1,
            1,
            6,
            3,
            2,
            1
        ],
        [
            3,
            1,
            0,
            0,
            1,
            40,
            0,
            1
        ],
        [
            3,
            1,
            2,
            0,
            0,
            1,
            9,
            0
        ],
        [
            0,
            0,
            0,
            0,
            0,
            2,
            0,
            9
        ]
    ],
    "top2_acc": 0.8911564350128174
}