{
    "top1_acc": 0.7448979591836735,
    "macro_f1": 0.678858209622645,
    "weighted_f1": 0.7483064930953164,
    "balanced_acc": 0.6913801285365777,
    "per_class_precision": [
        0.8142857142857143,
        0.7058823529411765,
        0.9607843137254902,
        0.7777777777777778,
        0.4666666666666667,
        0.7222222222222222,
        0.45,
        0.5333333333333333
    ],
    "per_class_recall": [
        0.8382352941176471,
        0.75,
        0.7313432835820896,
        0.6363636363636364,
        0.4375,
        0.8478260869565217,
        0.5625,
        0.7272727272727273
    ],
    "per_class_f1": [
        0.8260869565217391,
        0.7272727272727273,
        0.8305084745762712,
        0.7,
        0.45161290322580644,
        0.78,
        0.5,
        0.6153846153846154
    ],
    "per_class_auc_roc": [
        0.9590057261842789,
        0.945460704607046,
        0.9547636267999211,
        0.9005681818181818,
        0.9042266187050361,
        0.9556451612903226,
        0.8828687050359713,
        0.9685191133954385
    ],
    "macro_auc_roc": 0.9338822297295245,
    "confusion_matrix": [
        [
            57,
            1,
            1,
            2,
            2,
            2,
            1,
            2
        ],
        [
            2,
            36,
            0,
            0,
            2,
            3,
            5,
            0
        ],
        [
            2,
            4,
            49,
            1,
            1,
            5,
            3,
            2
        ],
        [
            2,
            3,
            0,
            14,
            1,
            1,
            0,
            1
        ],
        [
            2,
            3,
            0,
            0,
            7,
            1,
            2,
            1
        ],
        [
            2,
            3,
            0,
            1,
            1,
            39,
            0,
            0
        ],
        [
            3,
            1,
            1,
            0,
            0,
            1,
            9,
            1
        ],
        [
            0,
            0,
            0,
            0,
            1,
            2,
            0,
            8
        ]
    ],
    "top2_acc": 0.853741466999054
}