{
    "top1_acc": 0.7244897959183674,
    "macro_f1": 0.6615328029458465,
    "weighted_f1": 0.726880522284249,
    "balanced_acc": 0.6729415021642543,
    "per_class_precision": [
        0.8,
        0.6730769230769231,
        0.92,
        0.6818181818181818,
        0.47058823529411764,
        0.7169811320754716,
        0.5,
        0.5
    ],
    "per_class_recall": [
        0.8235294117647058,
        0.7291666666666666,
        0.6865671641791045,
        0.6818181818181818,
        0.5,
        0.8260869565217391,
        0.5,
        0.6363636363636364
    ],
    "per_class_f1": [
        0.8115942028985508,
        0.7,
        0.7863247863247863,
        0.6818181818181818,
        0.48484848484848486,
        0.7676767676767676,
        0.5,
        0.56
    ],
    "per_class_auc_roc": [
        0.9238677771993753,
        0.9334349593495934,
        0.9566046419882964,
        0.9216243315508021,
        0.8781474820143885,
        0.9466164095371669,
        0.8473471223021583,
        0.9306135560552522
    ],
    "macro_auc_roc": 0.9172820349996291,
    "confusion_matrix": [
        [
            56,
            1,
            3,
            3,
            0,
            2,
            1,
            2
        ],
        [
            2,
            35,
            0,
            1,
            4,
            2,
            4,
            0
        ],
        [
            4,
            6,
            46,
            2,
            2,
            5,
            0,
            2
        ],
        [
            0,
            4,
            0,
            15,
            1,
            1,
            0,
            1
        ],
        [
            1,
            3,
            0,
            0,
            8,
            2,
            2,
            0
        ],
        [
            3,
            1,
            0,
            1,
            2,
            38,
            0,
            1
        ],
        [
            3,
            2,
            1,
            0,
            0,
            1,
            8,
            1
        ],
        [
            1,
            0,
            0,
            0,
            0,
            2,
            1,
            7
        ]
    ],
    "top2_acc": 0.8435373902320862
}