{
    "densenet121": {
        "top1_acc": 0.7244897959183674,
        "macro_f1": 0.6694851556946015,
        "weighted_f1": 0.7277166826286017,
        "balanced_acc": 0.692608112946081,
        "per_class_precision": [
            0.7971014492753623,
            0.7115384615384616,
            0.9148936170212766,
            0.6842105263157895,
            0.38095238095238093,
            0.75,
            0.5,
            0.5625
        ],
        "per_class_recall": [
            0.8088235294117647,
            0.7708333333333334,
            0.6417910447761194,
            0.5909090909090909,
            0.5,
            0.8478260869565217,
            0.5625,
            0.8181818181818182
        ],
        "per_class_f1": [
            0.8029197080291971,
            0.74,
            0.7543859649122807,
            0.6341463414634146,
            0.43243243243243246,
            0.7959183673469388,
            0.5294117647058824,
            0.6666666666666666
        ],
        "per_class_auc_roc": [
            0.9502212389380531,
            0.9493563685636855,
            0.9604181734499309,
            0.8908756684491979,
            0.850044964028777,
            0.9428471248246845,
            0.8235161870503598,
            0.9701252810793446
        ],
        "macro_auc_roc": 0.9171756257980042,
        "confusion_matrix": [
            [
                55,
                2,
                1,
                4,
                1,
                2,
                1,
                2
            ],
            [
                0,
                37,
                0,
                1,
                4,
                2,
                3,
                1
            ],
            [
                6,
                5,
                43,
                0,
                5,
                3,
                3,
                2
            ],
            [
                2,
                3,
                0,
                13,
                2,
                1,
                1,
                0
            ],
            [
                1,
                2,
                1,
                0,
                8,
                2,
                1,
                1
            ],
            [
                2,
                2,
                1,
                1,
                0,
                39,
                0,
                1
            ],
            [
                3,
                1,
                1,
                0,
                0,
                2,
                9,
                0
            ],
            [
                0,
                0,
                0,
                0,
                1,
                1,
                0,
                9
            ]
        ]
    },
    "resnet50": {
        "top1_acc": 0.7448979591836735,
        "macro_f1": 0.678858209622645,
        "weighted_f1": 0.7483064930953164,
        "balanced_acc": 0.6913801285365777,
        "per_class_precision": [
            0.8142857142857143,
            0.7058823529411765,
            0.9607843137254902,
            0.7777777777777778,
            0.4666666666666667,
            0.7222222222222222,
            0.45,
            0.5333333333333333
        ],
        "per_class_recall": [
            0.8382352941176471,
            0.75,
            0.7313432835820896,
            0.6363636363636364,
            0.4375,
            0.8478260869565217,
            0.5625,
            0.7272727272727273
        ],
        "per_class_f1": [
            0.8260869565217391,
            0.7272727272727273,
            0.8305084745762712,
            0.7,
            0.45161290322580644,
            0.78,
            0.5,
            0.6153846153846154
        ],
        "per_class_auc_roc": [
            0.9590057261842789,
            0.945460704607046,
            0.9547636267999211,
            0.9005681818181818,
            0.9042266187050361,
            0.9556451612903226,
            0.8828687050359713,
            0.9685191133954385
        ],
        "macro_auc_roc": 0.9338822297295245,
        "confusion_matrix": [
            [
                57,
                1,
                1,
                2,
                2,
                2,
                1,
                2
            ],
            [
                2,
                36,
                0,
                0,
                2,
                3,
                5,
                0
            ],
            [
                2,
                4,
                49,
                1,
                1,
                5,
                3,
                2
            ],
            [
                2,
                3,
                0,
                14,
                1,
                1,
                0,
                1
            ],
            [
                2,
                3,
                0,
                0,
                7,
                1,
                2,
                1
            ],
            [
                2,
                3,
                0,
                1,
                1,
                39,
                0,
                0
            ],
            [
                3,
                1,
                1,
                0,
                0,
                1,
                9,
                1
            ],
            [
                0,
                0,
                0,
                0,
                1,
                2,
                0,
                8
            ]
        ]
    },
    "efficientnet_b3": {
        "top1_acc": 0.7006802721088435,
        "macro_f1": 0.6417513879479548,
        "weighted_f1": 0.7083363623222567,
        "balanced_acc": 0.6588465484713146,
        "per_class_precision": [
            0.7647058823529411,
            0.7391304347826086,
            0.9019607843137255,
            0.5714285714285714,
            0.34615384615384615,
            0.74,
            0.45,
            0.5833333333333334
        ],
        "per_class_recall": [
            0.7647058823529411,
            0.7083333333333334,
            0.6865671641791045,
            0.5454545454545454,
            0.5625,
            0.8043478260869565,
            0.5625,
            0.6363636363636364
        ],
        "per_class_f1": [
            0.7647058823529411,
            0.723404255319149,
            0.7796610169491526,
            0.5581395348837209,
            0.42857142857142855,
            0.7708333333333334,
            0.5,
            0.6086956521739131
        ],
        "per_class_auc_roc": [
            0.9425429463820927,
            0.9446138211382114,
            0.9528568610691038,
            0.8544451871657754,
            0.8815197841726619,
            0.9369740532959326,
            0.8536420863309352,
            0.9752650176678446
        ],
        "macro_auc_roc": 0.9177324696528197,