{
    "top1_acc": 0.7244897959183674,
    "macro_f1": 0.6694851556946015,
    "weighted_f1": 0.7277166826286017,
    "balanced_acc": 0.692608112946081,
    "per_class_precision": [
        0.7971014492753623,
        0.7115384615384616,
        0.9148936170212766,
        0.6842105263157895,
        0.38095238095238093,
        0.75,
        0.5,
        0.5625
    ],
    "per_class_recall": [
        0.8088235294117647,
        0.7708333333333334,
        0.6417910447761194,
        0.5909090909090909,
        0.5,
        0.8478260869565217,
        0.5625,
        0.8181818181818182
    ],
    "per_class_f1": [
        0.8029197080291971,
        0.74,
        0.7543859649122807,
        0.6341463414634146,
        0.43243243243243246,
        0.7959183673469388,
        0.5294117647058824,
        0.6666666666666666
    ],
    "per_class_auc_roc": [
        0.9502212389380531,
        0.9493563685636855,
        0.9604181734499309,
        0.8908756684491979,
        0.850044964028777,
        0.9428471248246845,
        0.8235161870503598,
        0.9701252810793446
    ],
    "macro_auc_roc": 0.9171756257980042,
    "confusion_matrix": [
        [
            55,
            2,
            1,
            4,
            1,
            2,
            1,
            2
        ],
        [
            0,
            37,
            0,
            1,
            4,
            2,
            3,
            1
        ],
        [
            6,
            5,
            43,
            0,
            5,
            3,
            3,
            2
        ],
        [
            2,
            3,
            0,
            13,
            2,
            1,
            1,
            0
        ],
        [
            1,
            2,
            1,
            0,
            8,
            2,
            1,
            1
        ],
        [
            2,
            2,
            1,
            1,
            0,
            39,
            0,
            1
        ],
        [
            3,
            1,
            1,
            0,
            0,
            2,
            9,
            0
        ],
        [
            0,
            0,
            0,
            0,
            1,
            1,
            0,
            9
        ]
    ],
    "top2_acc": 0.8367347121238708
}