Backbone,Alpha,Temperature,ECE_Pre,ECE_Post,Marginal_Coverage,Avg_Set_Size,Singleton_Rate,AURC_Softmax,AURC_MC_Dropout
densenet121,0.1,0.6318621039390564,0.1854741905822235,0.06521551138689728,0.95578231292517,5.156462585034014,0.04081632653061224,0.13592365685521746,0.13703772118666427
resnet50,0.1,0.5950567722320557,0.1912296176666305,0.07867988107763994,0.9523809523809523,4.938775510204081,0.04421768707482993,0.1250776814158841,0.13653807270228702
efficientnet_b3,0.1,0.7288007736206055,0.11238493856524125,0.05005182675561126,0.9489795918367347,4.925170068027211,0.05102040816326531,0.13765820549146018,0.14799481577718945
mobilenet_v3_large,0.1,0.637622594833374,0.18167115190402183,0.0870290325612438,0.9387755102040817,5.034013605442177,0.05782312925170068,0.1596550481602288,0.17011145804797834
swin_t,0.1,0.7237427830696106,0.13468800951428966,0.04637915027790328,0.9523809523809523,4.598639455782313,0.07142857142857142,0.11578109161940747,0.11960290933577572
